id,source,target
e-001,n-job-001,n-job-002
e-002,n-job-002,n-job-003
e-003,n-job-003,n-job-004
e-004,n-job-003,n-job-005
e-005,n-job-003,n-job-006
e-006,n-job-004,n-job-007
e-007,n-job-005,n-job-007
e-008,n-job-007,n-job-008
e-009,n-job-007,n-job-009
e-010,n-job-009,n-job-010
e-011,n-job-010,n-job-011
e-012,n-job-007,n-job-012
e-013,n-job-012,n-job-013
e-014,n-job-013,n-job-014
e-015,n-job-015,n-job-016
e-016,n-job-016,n-job-017
e-017,n-job-017,n-job-018
e-018,n-job-017,n-job-019
e-019,n-job-019,n-job-020
e-020,n-job-019,n-job-021
e-021,n-job-021,n-job-022
e-022,n-job-021,n-job-023
e-023,n-job-023,n-job-024
e-024,n-job-024,n-job-025
e-025,n-job-025,n-job-026
e-026,n-job-026,n-job-027
e-027,n-job-028,n-job-030
e-028,n-job-029,n-job-030
e-029,n-job-038,n-job-030
e-030,n-job-030,n-job-031
e-031,n-job-030,n-job-032
e-032,n-job-031,n-job-033
e-033,n-job-032,n-job-033
e-034,n-job-033,n-job-034
e-035,n-job-034,n-job-035
e-036,n-job-035,n-job-036
e-037,n-job-036,n-job-037
e-038,n-job-037,n-job-039
e-039,n-job-039,n-job-040
e-040,n-job-041,n-job-043
e-041,n-job-042,n-job-043
e-042,n-job-043,n-job-045
e-043,n-job-045,n-job-046
e-044,n-job-046,n-job-047
e-045,n-job-047,n-job-048
e-046,n-job-048,n-job-049
e-047,n-job-049,n-job-050
e-048,n-job-050,n-job-051
e-049,n-job-051,n-job-052
e-050,n-job-053,n-job-054
e-051,n-job-054,n-job-055
e-052,n-job-054,n-job-056
e-053,n-job-056,n-job-057
e-054,n-job-056,n-job-058
e-055,n-job-058,n-job-059
e-056,n-job-059,n-job-060
e-057,n-job-060,n-job-061
e-058,n-job-061,n-job-062
e-059,n-job-062,n-job-063
e-060,n-job-063,n-job-064
e-061,n-job-065,n-job-066
e-062,n-job-066,n-job-067
e-063,n-job-066,n-job-068
e-064,n-job-068,n-job-069
e-065,n-job-069,n-job-070
e-066,n-job-070,n-job-071
e-067,n-job-071,n-job-072
e-068,n-job-072,n-job-073
e-069,n-job-073,n-job-074
e-070,n-job-074,n-job-075
e-071,n-job-075,n-job-076
e-072,n-job-077,n-job-078
e-073,n-job-078,n-job-079
e-074,n-job-078,n-job-080
e-075,n-job-079,n-job-081
e-076,n-job-081,n-job-082
e-077,n-job-082,n-job-083
e-078,n-job-083,n-job-084
e-079,n-job-084,n-job-085
e-080,n-job-085,n-job-086
e-081,n-job-086,n-job-087
e-082,n-job-087,n-job-088
e-083,n-job-088,n-job-089
e-084,n-job-076,n-job-089
e-085,n-job-089,n-job-090
e-086,n-job-064,n-job-091
e-087,n-job-090,n-job-092
e-088,n-job-092,n-job-093
e-089,n-job-093,n-job-094
e-090,n-job-094,n-job-095
e-091,n-job-095,n-job-096
e-092,n-job-096,n-job-097
e-093,n-job-097,n-job-098
e-094,n-job-098,n-job-099
e-095,n-job-099,n-job-100